image,category
n01440764_6275.JPEG,n01440764
n01440764_13116.JPEG,n01440764
n01443537_3999.JPEG,n01443537
n01443537_13255.JPEG,n01443537
n01484850_30808.JPEG,n01484850
n01484850_13317.JPEG,n01484850
n01491361_6656.JPEG,n01491361
n01491361_12631.JPEG,n01491361
n01494475_500.JPEG,n01494475
n01494475_1260.JPEG,n01494475
n01496331_4208.JPEG,n01496331
n01496331_12164.JPEG,n01496331
n01498041_7880.JPEG,n01498041
n01498041_12648.JPEG,n01498041
n01514668_22416.JPEG,n01514668
n01514668_14370.JPEG,n01514668
n01514859_6497.JPEG,n01514859
n01514859_12182.JPEG,n01514859
n01518878_39547.JPEG,n01518878
n01518878_1363.JPEG,n01518878
n01530575_6550.JPEG,n01530575
n01530575_10367.JPEG,n01530575
n01531178_4486.JPEG,n01531178
n01531178_12895.JPEG,n01531178
n01532829_36441.JPEG,n01532829
n01532829_13611.JPEG,n01532829
n01534433_5260.JPEG,n01534433
n01534433_13051.JPEG,n01534433
n01537544_5060.JPEG,n01537544
n01537544_1245.JPEG,n01537544
n01558993_5049.JPEG,n01558993
n01558993_13135.JPEG,n01558993
n01560419_6002.JPEG,n01560419
n01560419_15729.JPEG,n01560419
n01580077_4661.JPEG,n01580077
n01580077_12336.JPEG,n01580077
n01582220_5465.JPEG,n01582220
n01582220_10897.JPEG,n01582220
n01592084_6774.JPEG,n01592084
n01592084_15788.JPEG,n01592084
n01601694_4844.JPEG,n01601694
n01601694_11827.JPEG,n01601694
n01608432_4353.JPEG,n01608432
n01608432_13390.JPEG,n01608432
n01614925_6459.JPEG,n01614925
n01614925_15064.JPEG,n01614925
n01616318_6032.JPEG,n01616318
n01616318_12986.JPEG,n01616318
n01622779_5207.JPEG,n01622779
n01622779_1762.JPEG,n01622779
n01629819_3383.JPEG,n01629819
n01629819_12664.JPEG,n01629819
n01630670_6045.JPEG,n01630670
n01630670_1590.JPEG,n01630670
n01631663_7019.JPEG,n01631663
n01631663_1354.JPEG,n01631663
n01632458_5299.JPEG,n01632458
n01632458_1183.JPEG,n01632458
n01632777_4689.JPEG,n01632777
n01632777_13912.JPEG,n01632777
n01641577_6536.JPEG,n01641577
n01641577_14182.JPEG,n01641577
n01644373_680.JPEG,n01644373
n01644373_13078.JPEG,n01644373
n01644900_5712.JPEG,n01644900
n01644900_12020.JPEG,n01644900
n01664065_3102.JPEG,n01664065
n01664065_11375.JPEG,n01664065
n01665541_44044.JPEG,n01665541
n01665541_1266.JPEG,n01665541
n01667114_6062.JPEG,n01667114
n01667114_11721.JPEG,n01667114
n01667778_6405.JPEG,n01667778
n01667778_13212.JPEG,n01667778
n01669191_666.JPEG,n01669191
n01669191_12016.JPEG,n01669191
n01675722_6399.JPEG,n01675722
n01675722_1813.JPEG,n01675722
n01677366_38542.JPEG,n01677366
n01677366_14838.JPEG,n01677366
n01682714_6232.JPEG,n01682714
n01682714_13679.JPEG,n01682714
n01685808_7102.JPEG,n01685808
n01685808_155.JPEG,n01685808
n01687978_60.JPEG,n01687978
n01687978_12218.JPEG,n01687978
n01688243_448.JPEG,n01688243
n01688243_1325.JPEG,n01688243
n01689811_6742.JPEG,n01689811
n01689811_11604.JPEG,n01689811
n01692333_6350.JPEG,n01692333
n01692333_10837.JPEG,n01692333
n01693334_5496.JPEG,n01693334
n01693334_10389.JPEG,n01693334
n01694178_5874.JPEG,n01694178
n01694178_1326.JPEG,n01694178
n01695060_30095.JPEG,n01695060
n01695060_14342.JPEG,n01695060
n01697457_5699.JPEG,n01697457
n01697457_13208.JPEG,n01697457
n01698640_4778.JPEG,n01698640
n01698640_1425.JPEG,n01698640
n01704323_823.JPEG,n01704323
n01704323_2117.JPEG,n01704323
n01728572_3704.JPEG,n01728572
n01728572_1288.JPEG,n01728572
n01728920_6851.JPEG,n01728920
n01728920_13422.JPEG,n01728920
n01729322_6685.JPEG,n01729322
n01729322_1323.JPEG,n01729322
n01729977_5915.JPEG,n01729977
n01729977_1170.JPEG,n01729977
n01734418_6539.JPEG,n01734418
n01734418_11820.JPEG,n01734418
n01735189_4260.JPEG,n01735189
n01735189_12368.JPEG,n01735189
n01737021_3968.JPEG,n01737021
n01737021_1177.JPEG,n01737021
n01739381_5249.JPEG,n01739381
n01739381_1143.JPEG,n01739381
n01740131_21541.JPEG,n01740131
n01740131_10577.JPEG,n01740131
n01742172_4856.JPEG,n01742172
n01742172_13909.JPEG,n01742172
n01744401_4236.JPEG,n01744401
n01744401_12509.JPEG,n01744401
n01748264_3585.JPEG,n01748264
n01748264_12752.JPEG,n01748264
n01749939_6761.JPEG,n01749939
n01749939_13299.JPEG,n01749939
n01751748_6875.JPEG,n01751748
n01751748_14016.JPEG,n01751748
n01753488_4709.JPEG,n01753488
n01753488_11080.JPEG,n01753488
n01755581_4322.JPEG,n01755581
n01755581_12757.JPEG,n01755581
n01756291_5228.JPEG,n01756291
n01756291_1272.JPEG,n01756291
n01768244_7152.JPEG,n01768244
n01768244_1428.JPEG,n01768244
n01770081_5286.JPEG,n01770081
n01770081_12532.JPEG,n01770081
n01770393_4734.JPEG,n01770393
n01770393_17218.JPEG,n01770393
n01773157_7294.JPEG,n01773157
n01773157_1671.JPEG,n01773157
n01773549_5894.JPEG,n01773549
n01773549_1924.JPEG,n01773549
n01773797_6524.JPEG,n01773797
n01773797_192.JPEG,n01773797
n01774384_4517.JPEG,n01774384
n01774384_13539.JPEG,n01774384
n01774750_6973.JPEG,n01774750
n01774750_11801.JPEG,n01774750
n01775062_7210.JPEG,n01775062
n01775062_1620.JPEG,n01775062
n01776313_45153.JPEG,n01776313
n01776313_1441.JPEG,n01776313
n01784675_5569.JPEG,n01784675
n01784675_13461.JPEG,n01784675
n01795545_6391.JPEG,n01795545
n01795545_11497.JPEG,n01795545
n01796340_5958.JPEG,n01796340
n01796340_13011.JPEG,n01796340
n01797886_4626.JPEG,n01797886
n01797886_12947.JPEG,n01797886
n01798484_4428.JPEG,n01798484
n01798484_11447.JPEG,n01798484
n01806143_6775.JPEG,n01806143
n01806143_11581.JPEG,n01806143
n01806567_5504.JPEG,n01806567
n01806567_13027.JPEG,n01806567
n01807496_4685.JPEG,n01807496
n01807496_13262.JPEG,n01807496
n01817953_578.JPEG,n01817953
n01817953_13653.JPEG,n01817953
n01818515_6254.JPEG,n01818515
n01818515_13956.JPEG,n01818515
n01819313_5663.JPEG,n01819313
n01819313_1458.JPEG,n01819313
n01820546_6511.JPEG,n01820546
n01820546_15398.JPEG,n01820546
n01824575_5834.JPEG,n01824575
n01824575_1269.JPEG,n01824575
n01828970_5297.JPEG,n01828970
n01828970_13410.JPEG,n01828970
n01829413_684.JPEG,n01829413
n01829413_2266.JPEG,n01829413
n01833805_6159.JPEG,n01833805
n01833805_12342.JPEG,n01833805
n01843065_618.JPEG,n01843065
n01843065_12485.JPEG,n01843065
n01843383_6813.JPEG,n01843383
n01843383_1451.JPEG,n01843383
n01847000_4251.JPEG,n01847000
n01847000_11939.JPEG,n01847000
n01855032_6815.JPEG,n01855032
n01855032_1789.JPEG,n01855032
n01855672_61816.JPEG,n01855672
n01855672_12752.JPEG,n01855672
n01860187_37766.JPEG,n01860187
n01860187_13012.JPEG,n01860187
n01871265_6565.JPEG,n01871265
n01871265_1529.JPEG,n01871265
n01872401_4723.JPEG,n01872401
n01872401_14909.JPEG,n01872401
n01873310_5160.JPEG,n01873310
n01873310_15680.JPEG,n01873310
n01877812_8094.JPEG,n01877812
n01877812_11849.JPEG,n01877812
n01882714_5489.JPEG,n01882714
n01882714_12287.JPEG,n01882714
n01883070_562.JPEG,n01883070
n01883070_1730.JPEG,n01883070
n01910747_2984.JPEG,n01910747
n01910747_127.JPEG,n01910747
n01914609_6103.JPEG,n01914609
n01914609_11126.JPEG,n01914609
n01917289_4536.JPEG,n01917289
n01917289_1522.JPEG,n01917289
n01924916_784.JPEG,n01924916
n01924916_1256.JPEG,n01924916
n01930112_2417.JPEG,n01930112
n01930112_12532.JPEG,n01930112
n01943899_29008.JPEG,n01943899
n01943899_13545.JPEG,n01943899
n01944390_5523.JPEG,n01944390
n01944390_15366.JPEG,n01944390
n01945685_4753.JPEG,n01945685
n01945685_11367.JPEG,n01945685
n01950731_30972.JPEG,n01950731
n01950731_13080.JPEG,n01950731
n01955084_7292.JPEG,n01955084
n01955084_10651.JPEG,n01955084
n01968897_5403.JPEG,n01968897
n01968897_13373.JPEG,n01968897
n01978287_60.JPEG,n01978287
n01978287_1254.JPEG,n01978287
n01978455_5658.JPEG,n01978455
n01978455_11893.JPEG,n01978455
n01980166_6821.JPEG,n01980166
n01980166_1524.JPEG,n01980166
n01981276_4531.JPEG,n01981276
n01981276_12307.JPEG,n01981276
n01983481_345.JPEG,n01983481
n01983481_17403.JPEG,n01983481
n01984695_48955.JPEG,n01984695
n01984695_15063.JPEG,n01984695
n01985128_33602.JPEG,n01985128
n01985128_15754.JPEG,n01985128
n01986214_4477.JPEG,n01986214
n01986214_13814.JPEG,n01986214
n01990800_5764.JPEG,n01990800
n01990800_1268.JPEG,n01990800
n02002556_6164.JPEG,n02002556
n02002556_1389.JPEG,n02002556
n02002724_5289.JPEG,n02002724
n02002724_1492.JPEG,n02002724
n02006656_4729.JPEG,n02006656
n02006656_1204.JPEG,n02006656
n02007558_6985.JPEG,n02007558
n02007558_11725.JPEG,n02007558
n02009229_5887.JPEG,n02009229
n02009229_14024.JPEG,n02009229
n02009912_5829.JPEG,n02009912
n02009912_12463.JPEG,n02009912
n02011460_57.JPEG,n02011460
n02011460_15726.JPEG,n02011460
n02012849_6460.JPEG,n02012849
n02012849_13047.JPEG,n02012849
n02013706_587.JPEG,n02013706
n02013706_1213.JPEG,n02013706
n02017213_7158.JPEG,n02017213
n02017213_13542.JPEG,n02017213
n02018207_5178.JPEG,n02018207
n02018207_11982.JPEG,n02018207
n02018795_5344.JPEG,n02018795
n02018795_13074.JPEG,n02018795
n02025239_4934.JPEG,n02025239
n02025239_13707.JPEG,n02025239
n02027492_6216.JPEG,n02027492
n02027492_1568.JPEG,n02027492
n02028035_4667.JPEG,n02028035
n02028035_11305.JPEG,n02028035
n02033041_573.JPEG,n02033041
n02033041_168.JPEG,n02033041
n02037110_6619.JPEG,n02037110
n02037110_12302.JPEG,n02037110
n02051845_5902.JPEG,n02051845
n02051845_13476.JPEG,n02051845
n02056570_7652.JPEG,n02056570
n02056570_1690.JPEG,n02056570
n02058221_5511.JPEG,n02058221
n02058221_12194.JPEG,n02058221
n02066245_4951.JPEG,n02066245
n02066245_14962.JPEG,n02066245
n02071294_5424.JPEG,n02071294
n02071294_1646.JPEG,n02071294
n02074367_5232.JPEG,n02074367
n02074367_15744.JPEG,n02074367
n02077923_6605.JPEG,n02077923
n02077923_1318.JPEG,n02077923
n02085620_6709.JPEG,n02085620
n02085620_12686.JPEG,n02085620
n02085782_6336.JPEG,n02085782
n02085782_15101.JPEG,n02085782
n02085936_5471.JPEG,n02085936
n02085936_13594.JPEG,n02085936
n02086079_4799.JPEG,n02086079
n02086079_14037.JPEG,n02086079
n02086240_6753.JPEG,n02086240
n02086240_1205.JPEG,n02086240
n02086646_7924.JPEG,n02086646
n02086646_221.JPEG,n02086646
n02086910_3781.JPEG,n02086910
n02086910_11622.JPEG,n02086910
n02087046_5890.JPEG,n02087046
n02087046_2124.JPEG,n02087046
n02087394_5206.JPEG,n02087394
n02087394_12174.JPEG,n02087394
n02088094_5169.JPEG,n02088094
n02088094_12767.JPEG,n02088094
n02088238_575.JPEG,n02088238
n02088238_11113.JPEG,n02088238
n02088364_6652.JPEG,n02088364
n02088364_12011.JPEG,n02088364
n02088466_705.JPEG,n02088466
n02088466_12817.JPEG,n02088466
n02088632_6894.JPEG,n02088632
n02088632_2209.JPEG,n02088632
n02089078_6217.JPEG,n02089078
n02089078_1174.JPEG,n02089078
n02089867_7211.JPEG,n02089867
n02089867_1790.JPEG,n02089867
n02089973_5748.JPEG,n02089973
n02089973_11685.JPEG,n02089973
n02090379_6059.JPEG,n02090379
n02090379_13475.JPEG,n02090379
n02090622_585.JPEG,n02090622
n02090622_1469.JPEG,n02090622
n02090721_5197.JPEG,n02090721
n02090721_1755.JPEG,n02090721
n02091032_6942.JPEG,n02091032
n02091032_1717.JPEG,n02091032
n02091134_732.JPEG,n02091134
n02091134_12581.JPEG,n02091134
n02091244_6229.JPEG,n02091244
n02091244_11301.JPEG,n02091244
n02091467_5865.JPEG,n02091467
n02091467_12722.JPEG,n02091467
n02091635_6981.JPEG,n02091635
n02091635_1706.JPEG,n02091635
n02091831_699.JPEG,n02091831
n02091831_11547.JPEG,n02091831
n02092002_5960.JPEG,n02092002
n02092002_12994.JPEG,n02092002
n02092339_6307.JPEG,n02092339
n02092339_1843.JPEG,n02092339
n02093256_676.JPEG,n02093256
n02093256_1643.JPEG,n02093256
n02093428_3728.JPEG,n02093428
n02093428_1289.JPEG,n02093428
n02093647_6083.JPEG,n02093647
n02093647_182.JPEG,n02093647
n02093754_5439.JPEG,n02093754
n02093754_2107.JPEG,n02093754
n02093859_4131.JPEG,n02093859
n02093859_1655.JPEG,n02093859
n02093991_6161.JPEG,n02093991
n02093991_1532.JPEG,n02093991
n02094114_6868.JPEG,n02094114
n02094114_2007.JPEG,n02094114
n02094258_5905.JPEG,n02094258
n02094258_1937.JPEG,n02094258
n02094433_6523.JPEG,n02094433
n02094433_12897.JPEG,n02094433
n02095314_4788.JPEG,n02095314
n02095314_27.JPEG,n02095314
n02095570_5810.JPEG,n02095570
n02095570_1201.JPEG,n02095570
n02095889_10539.JPEG,n02095889
n02095889_13743.JPEG,n02095889
n02096051_6180.JPEG,n02096051
n02096051_1943.JPEG,n02096051
n02096177_599.JPEG,n02096177
n02096177_12212.JPEG,n02096177
n02096294_7028.JPEG,n02096294
n02096294_1754.JPEG,n02096294
n02096437_6010.JPEG,n02096437
n02096437_1547.JPEG,n02096437
n02096585_6653.JPEG,n02096585
n02096585_1186.JPEG,n02096585
n02097047_483.JPEG,n02097047
n02097047_1327.JPEG,n02097047
n02097130_5969.JPEG,n02097130
n02097130_1732.JPEG,n02097130
n02097209_6706.JPEG,n02097209
n02097209_1907.JPEG,n02097209
n02097298_7694.JPEG,n02097298
n02097298_14092.JPEG,n02097298
n02097474_5452.JPEG,n02097474
n02097474_12436.JPEG,n02097474
n02097658_626.JPEG,n02097658
n02097658_1354.JPEG,n02097658
n02098105_5119.JPEG,n02098105
n02098105_1117.JPEG,n02098105
n02098286_4891.JPEG,n02098286
n02098286_1439.JPEG,n02098286
n02098413_5022.JPEG,n02098413
n02098413_15876.JPEG,n02098413
n02099267_5430.JPEG,n02099267
n02099267_1696.JPEG,n02099267
n02099429_5154.JPEG,n02099429
n02099429_2166.JPEG,n02099429
n02099601_6649.JPEG,n02099601
n02099601_171.JPEG,n02099601
n02099712_5987.JPEG,n02099712
n02099712_1808.JPEG,n02099712
n02099849_4872.JPEG,n02099849
n02099849_1663.JPEG,n02099849
n02100236_6211.JPEG,n02100236
n02100236_11105.JPEG,n02100236
n02100583_4320.JPEG,n02100583
n02100583_1261.JPEG,n02100583
n02100735_7599.JPEG,n02100735
n02100735_1394.JPEG,n02100735
n02100877_5818.JPEG,n02100877
n02100877_1281.JPEG,n02100877
n02101006_6978.JPEG,n02101006
n02101006_15350.JPEG,n02101006
n02101388_4585.JPEG,n02101388
n02101388_11766.JPEG,n02101388
n02101556_6748.JPEG,n02101556
n02101556_1284.JPEG,n02101556
n02102040_5627.JPEG,n02102040
n02102040_2013.JPEG,n02102040
n02102177_5943.JPEG,n02102177
n02102177_1575.JPEG,n02102177
n02102318_6378.JPEG,n02102318
n02102318_11446.JPEG,n02102318
n02102480_680.JPEG,n02102480
n02102480_11402.JPEG,n02102480
n02102973_7099.JPEG,n02102973
n02102973_2775.JPEG,n02102973
n02104029_7133.JPEG,n02104029
n02104029_2376.JPEG,n02104029
n02104365_7518.JPEG,n02104365
n02104365_1514.JPEG,n02104365
n02105056_5530.JPEG,n02105056
n02105056_11958.JPEG,n02105056
n02105162_5399.JPEG,n02105162
n02105162_1939.JPEG,n02105162
n02105251_6856.JPEG,n02105251
n02105251_13374.JPEG,n02105251
n02105412_6009.JPEG,n02105412
n02105412_1916.JPEG,n02105412
n02105505_5936.JPEG,n02105505
n02105505_191.JPEG,n02105505
n02105641_7107.JPEG,n02105641
n02105641_11261.JPEG,n02105641
n02105855_477.JPEG,n02105855
n02105855_11427.JPEG,n02105855
n02106030_470.JPEG,n02106030
n02106030_12599.JPEG,n02106030
n02106166_678.JPEG,n02106166
n02106166_13035.JPEG,n02106166
n02106382_5636.JPEG,n02106382
n02106382_14693.JPEG,n02106382
n02106550_6105.JPEG,n02106550
n02106550_11411.JPEG,n02106550
n02106662_54055.JPEG,n02106662
n02106662_16683.JPEG,n02106662
n02107142_42334.JPEG,n02107142
n02107142_12750.JPEG,n02107142
n02107312_5476.JPEG,n02107312
n02107312_2462.JPEG,n02107312
n02107574_5064.JPEG,n02107574
n02107574_1303.JPEG,n02107574
n02107683_525.JPEG,n02107683
n02107683_2022.JPEG,n02107683
n02107908_7695.JPEG,n02107908
n02107908_11215.JPEG,n02107908
n02108000_5748.JPEG,n02108000
n02108000_1868.JPEG,n02108000
n02108089_40570.JPEG,n02108089
n02108089_14074.JPEG,n02108089
n02108422_5971.JPEG,n02108422
n02108422_12090.JPEG,n02108422
n02108551_459.JPEG,n02108551
n02108551_11343.JPEG,n02108551
n02108915_5667.JPEG,n02108915
n02108915_12134.JPEG,n02108915
n02109047_572.JPEG,n02109047
n02109047_1449.JPEG,n02109047
n02109525_47822.JPEG,n02109525
n02109525_12937.JPEG,n02109525
n02109961_55618.JPEG,n02109961
n02109961_150.JPEG,n02109961
n02110063_586.JPEG,n02110063
n02110063_12400.JPEG,n02110063
n02110185_624.JPEG,n02110185
n02110185_11445.JPEG,n02110185
n02110341_6936.JPEG,n02110341
n02110341_1191.JPEG,n02110341
n02110627_5355.JPEG,n02110627
n02110627_14409.JPEG,n02110627
n02110806_3565.JPEG,n02110806
n02110806_12923.JPEG,n02110806
n02110958_6132.JPEG,n02110958
n02110958_15194.JPEG,n02110958
n02111129_6341.JPEG,n02111129
n02111129_2300.JPEG,n02111129
n02111277_5198.JPEG,n02111277
n02111277_12031.JPEG,n02111277
n02111500_6782.JPEG,n02111500
n02111500_2461.JPEG,n02111500
n02111889_5668.JPEG,n02111889
n02111889_1447.JPEG,n02111889
n02112018_7798.JPEG,n02112018
n02112018_1850.JPEG,n02112018
n02112137_5966.JPEG,n02112137
n02112137_11604.JPEG,n02112137
n02112350_7681.JPEG,n02112350
n02112350_1563.JPEG,n02112350
n02112706_4372.JPEG,n02112706
n02112706_1684.JPEG,n02112706
n02113023_7062.JPEG,n02113023
n02113023_1678.JPEG,n02113023
n02113186_6477.JPEG,n02113186
n02113186_11073.JPEG,n02113186
n02113624_6450.JPEG,n02113624
n02113624_1882.JPEG,n02113624
n02113712_4667.JPEG,n02113712
n02113712_13526.JPEG,n02113712
n02113799_5480.JPEG,n02113799
n02113799_12719.JPEG,n02113799
n02113978_7003.JPEG,n02113978
n02113978_1956.JPEG,n02113978
n02114367_4801.JPEG,n02114367
n02114367_11757.JPEG,n02114367
n02114548_5414.JPEG,n02114548
n02114548_1194.JPEG,n02114548
n02114712_3358.JPEG,n02114712
n02114712_15068.JPEG,n02114712
n02114855_5209.JPEG,n02114855
n02114855_11360.JPEG,n02114855
n02115641_4737.JPEG,n02115641
n02115641_12453.JPEG,n02115641
n02115913_6.JPEG,n02115913
n02115913_11126.JPEG,n02115913
n02116738_50095.JPEG,n02116738
n02116738_14252.JPEG,n02116738
n02117135_7202.JPEG,n02117135
n02117135_16564.JPEG,n02117135
n02119022_5721.JPEG,n02119022
n02119022_11364.JPEG,n02119022
n02119789_2780.JPEG,n02119789
n02119789_11028.JPEG,n02119789
n02120079_5327.JPEG,n02120079
n02120079_1399.JPEG,n02120079
n02120505_5390.JPEG,n02120505
n02120505_12862.JPEG,n02120505
n02123045_6039.JPEG,n02123045
n02123045_11787.JPEG,n02123045
n02123159_7261.JPEG,n02123159
n02123159_2043.JPEG,n02123159
n02123394_5368.JPEG,n02123394
n02123394_1674.JPEG,n02123394
n02123597_4932.JPEG,n02123597
n02123597_11594.JPEG,n02123597
n02124075_5077.JPEG,n02124075
n02124075_10827.JPEG,n02124075
n02125311_43908.JPEG,n02125311
n02125311_16544.JPEG,n02125311
n02127052_5563.JPEG,n02127052
n02127052_1650.JPEG,n02127052
n02128385_4404.JPEG,n02128385
n02128385_12308.JPEG,n02128385
n02128757_5526.JPEG,n02128757
n02128757_12164.JPEG,n02128757
n02128925_5129.JPEG,n02128925
n02128925_19247.JPEG,n02128925
n02129165_5079.JPEG,n02129165
n02129165_11967.JPEG,n02129165
n02129604_5104.JPEG,n02129604
n02129604_12068.JPEG,n02129604
n02130308_36.JPEG,n02130308
n02130308_12713.JPEG,n02130308
n02132136_5184.JPEG,n02132136
n02132136_13556.JPEG,n02132136
n02133161_6433.JPEG,n02133161
n02133161_1280.JPEG,n02133161
n02134084_6948.JPEG,n02134084
n02134084_1921.JPEG,n02134084
n02134418_5073.JPEG,n02134418
n02134418_1664.JPEG,n02134418
n02137549_696.JPEG,n02137549
n02137549_11357.JPEG,n02137549
n02138441_6615.JPEG,n02138441
n02138441_1229.JPEG,n02138441
n02165105_686.JPEG,n02165105
n02165105_11675.JPEG,n02165105
n02165456_52580.JPEG,n02165456
n02165456_15150.JPEG,n02165456
n02167151_693.JPEG,n02167151
n02167151_14255.JPEG,n02167151
n02168699_6153.JPEG,n02168699
n02168699_13888.JPEG,n02168699
n02169497_5428.JPEG,n02169497
n02169497_1766.JPEG,n02169497
n02172182_4833.JPEG,n02172182
n02172182_1242.JPEG,n02172182
n02174001_4704.JPEG,n02174001
n02174001_1328.JPEG,n02174001
n02177972_5193.JPEG,n02177972
n02177972_11229.JPEG,n02177972
n02190166_6592.JPEG,n02190166
n02190166_12187.JPEG,n02190166
n02206856_6056.JPEG,n02206856
n02206856_168.JPEG,n02206856
n02219486_29686.JPEG,n02219486
n02219486_18870.JPEG,n02219486
n02226429_5108.JPEG,n02226429
n02226429_12272.JPEG,n02226429
n02229544_5401.JPEG,n02229544
n02229544_15888.JPEG,n02229544
n02231487_6689.JPEG,n02231487
n02231487_11864.JPEG,n02231487
n02233338_576.JPEG,n02233338
n02233338_1438.JPEG,n02233338
n02236044_3935.JPEG,n02236044
n02236044_12365.JPEG,n02236044
n02256656_4786.JPEG,n02256656
n02256656_11818.JPEG,n02256656
n02259212_6574.JPEG,n02259212
n02259212_2307.JPEG,n02259212
n02264363_5618.JPEG,n02264363
n02264363_11985.JPEG,n02264363
n02268443_4312.JPEG,n02268443
n02268443_18748.JPEG,n02268443
n02268853_6112.JPEG,n02268853
n02268853_14034.JPEG,n02268853
n02276258_6355.JPEG,n02276258
n02276258_17807.JPEG,n02276258
n02277742_40378.JPEG,n02277742
n02277742_1337.JPEG,n02277742
n02279972_35761.JPEG,n02279972
n02279972_135.JPEG,n02279972
n02280649_6076.JPEG,n02280649
n02280649_15510.JPEG,n02280649
n02281406_6318.JPEG,n02281406
n02281406_12523.JPEG,n02281406
n02281787_4458.JPEG,n02281787
n02281787_2415.JPEG,n02281787
n02317335_43278.JPEG,n02317335
n02317335_15282.JPEG,n02317335
n02319095_6117.JPEG,n02319095
n02319095_2293.JPEG,n02319095
n02321529_6251.JPEG,n02321529
n02321529_13880.JPEG,n02321529
n02325366_7064.JPEG,n02325366
n02325366_1253.JPEG,n02325366
n02326432_39819.JPEG,n02326432
n02326432_13429.JPEG,n02326432
n02328150_4636.JPEG,n02328150
n02328150_13563.JPEG,n02328150
n02342885_5486.JPEG,n02342885
n02342885_10731.JPEG,n02342885
n02346627_3275.JPEG,n02346627
n02346627_12058.JPEG,n02346627
n02356798_507.JPEG,n02356798
n02356798_1583.JPEG,n02356798
n02361337_6937.JPEG,n02361337
n02361337_21143.JPEG,n02361337
n02363005_38294.JPEG,n02363005
n02363005_14966.JPEG,n02363005
n02364673_4816.JPEG,n02364673
n02364673_1253.JPEG,n02364673
n02389026_6556.JPEG,n02389026
n02389026_19482.JPEG,n02389026
n02391049_4974.JPEG,n02391049
n02391049_1508.JPEG,n02391049
n02395406_54889.JPEG,n02395406
n02395406_16588.JPEG,n02395406
n02396427_45148.JPEG,n02396427
n02396427_13308.JPEG,n02396427
n02397096_5814.JPEG,n02397096
n02397096_1394.JPEG,n02397096
n02398521_31039.JPEG,n02398521
n02398521_13562.JPEG,n02398521
n02403003_55.JPEG,n02403003
n02403003_10926.JPEG,n02403003
n02408429_6254.JPEG,n02408429
n02408429_1379.JPEG,n02408429
n02410509_637.JPEG,n02410509
n02410509_1380.JPEG,n02410509
n02412080_54684.JPEG,n02412080
n02412080_12212.JPEG,n02412080
n02415577_6612.JPEG,n02415577
n02415577_1714.JPEG,n02415577
n02417914_49114.JPEG,n02417914
n02417914_12246.JPEG,n02417914
n02422106_4561.JPEG,n02422106
n02422106_148.JPEG,n02422106
n02422699_5478.JPEG,n02422699
n02422699_11921.JPEG,n02422699
n02423022_663.JPEG,n02423022
n02423022_146.JPEG,n02423022
n02437312_6912.JPEG,n02437312
n02437312_11670.JPEG,n02437312
n02437616_4878.JPEG,n02437616
n02437616_12124.JPEG,n02437616
n02441942_6239.JPEG,n02441942
n02441942_13024.JPEG,n02441942
n02442845_4119.JPEG,n02442845
n02442845_16893.JPEG,n02442845
n02443114_3851.JPEG,n02443114
n02443114_13422.JPEG,n02443114
n02443484_4917.JPEG,n02443484
n02443484_10737.JPEG,n02443484
n02444819_7301.JPEG,n02444819
n02444819_13125.JPEG,n02444819
n02445715_40740.JPEG,n02445715
n02445715_13058.JPEG,n02445715
n02447366_4610.JPEG,n02447366
n02447366_11323.JPEG,n02447366
n02454379_6321.JPEG,n02454379
n02454379_13107.JPEG,n02454379
n02457408_422.JPEG,n02457408
n02457408_10789.JPEG,n02457408
n02480495_4813.JPEG,n02480495
n02480495_1469.JPEG,n02480495
n02480855_427.JPEG,n02480855
n02480855_13669.JPEG,n02480855
n02481823_4421.JPEG,n02481823
n02481823_12860.JPEG,n02481823
n02483362_5994.JPEG,n02483362
n02483362_1477.JPEG,n02483362
n02483708_5712.JPEG,n02483708
n02483708_2026.JPEG,n02483708
n02484975_7293.JPEG,n02484975
n02484975_1152.JPEG,n02484975
n02486261_5441.JPEG,n02486261
n02486261_12449.JPEG,n02486261
n02486410_5428.JPEG,n02486410
n02486410_14310.JPEG,n02486410
n02487347_426.JPEG,n02487347
n02487347_11917.JPEG,n02487347
n02488291_5586.JPEG,n02488291
n02488291_170.JPEG,n02488291
n02488702_5751.JPEG,n02488702
n02488702_2563.JPEG,n02488702
n02489166_6821.JPEG,n02489166
n02489166_1132.JPEG,n02489166
n02490219_5885.JPEG,n02490219
n02490219_1682.JPEG,n02490219
n02492035_5259.JPEG,n02492035
n02492035_14405.JPEG,n02492035
n02492660_5626.JPEG,n02492660
n02492660_11616.JPEG,n02492660
n02493509_3637.JPEG,n02493509
n02493509_11532.JPEG,n02493509
n02493793_6913.JPEG,n02493793
n02493793_1775.JPEG,n02493793
n02494079_6096.JPEG,n02494079
n02494079_1372.JPEG,n02494079
n02497673_6541.JPEG,n02497673
n02497673_1854.JPEG,n02497673
n02500267_5539.JPEG,n02500267
n02500267_12650.JPEG,n02500267
n02504013_6243.JPEG,n02504013
n02504013_1758.JPEG,n02504013
n02504458_573.JPEG,n02504458
n02504458_1837.JPEG,n02504458
n02509815_467.JPEG,n02509815
n02509815_13722.JPEG,n02509815
n02510455_5510.JPEG,n02510455
n02510455_12253.JPEG,n02510455
n02514041_5731.JPEG,n02514041
n02514041_12317.JPEG,n02514041
n02526121_6746.JPEG,n02526121
n02526121_20298.JPEG,n02526121
n02536864_44036.JPEG,n02536864
n02536864_15596.JPEG,n02536864
n02606052_5188.JPEG,n02606052
n02606052_12757.JPEG,n02606052
n02607072_51.JPEG,n02607072
n02607072_1297.JPEG,n02607072
n02640242_44443.JPEG,n02640242
n02640242_181.JPEG,n02640242
n02641379_4259.JPEG,n02641379
n02641379_1480.JPEG,n02641379
n02643566_3844.JPEG,n02643566
n02643566_1505.JPEG,n02643566
n02655020_4861.JPEG,n02655020
n02655020_15411.JPEG,n02655020
n02666196_24744.JPEG,n02666196
n02666196_11231.JPEG,n02666196
n02667093_6634.JPEG,n02667093
n02667093_1643.JPEG,n02667093
n02669723_6820.JPEG,n02669723
n02669723_13021.JPEG,n02669723
n02672831_3141.JPEG,n02672831
n02672831_14431.JPEG,n02672831
n02676566_8477.JPEG,n02676566
n02676566_1835.JPEG,n02676566
n02687172_54092.JPEG,n02687172
n02687172_14258.JPEG,n02687172
n02690373_5980.JPEG,n02690373
n02690373_18693.JPEG,n02690373
n02692877_4675.JPEG,n02692877
n02692877_12086.JPEG,n02692877
n02699494_5548.JPEG,n02699494
n02699494_12172.JPEG,n02699494
n02701002_4095.JPEG,n02701002
n02701002_1440.JPEG,n02701002
n02704792_32464.JPEG,n02704792
n02704792_14092.JPEG,n02704792
n02708093_6554.JPEG,n02708093
n02708093_1878.JPEG,n02708093
n02727426_39529.JPEG,n02727426
n02727426_14794.JPEG,n02727426
n02730930_5393.JPEG,n02730930
n02730930_1442.JPEG,n02730930
n02747177_34891.JPEG,n02747177
n02747177_1550.JPEG,n02747177
n02749479_6010.JPEG,n02749479
n02749479_15004.JPEG,n02749479
n02769748_4956.JPEG,n02769748
n02769748_17991.JPEG,n02769748
n02776631_6589.JPEG,n02776631
n02776631_12784.JPEG,n02776631
n02777292_4853.JPEG,n02777292
n02777292_14007.JPEG,n02777292
n02782093_4228.JPEG,n02782093
n02782093_15611.JPEG,n02782093
n02783161_38993.JPEG,n02783161
n02783161_11516.JPEG,n02783161
n02786058_7395.JPEG,n02786058
n02786058_11146.JPEG,n02786058
n02787622_6185.JPEG,n02787622
n02787622_15926.JPEG,n02787622
n02788148_47346.JPEG,n02788148
n02788148_15117.JPEG,n02788148
n02790996_7837.JPEG,n02790996
n02790996_11760.JPEG,n02790996
n02791124_5926.JPEG,n02791124
n02791124_13752.JPEG,n02791124
n02791270_3276.JPEG,n02791270
n02791270_13309.JPEG,n02791270
n02793495_6366.JPEG,n02793495
n02793495_1331.JPEG,n02793495
n02794156_4516.JPEG,n02794156
n02794156_12313.JPEG,n02794156
n02795169_4883.JPEG,n02795169
n02795169_13948.JPEG,n02795169
n02797295_4672.JPEG,n02797295
n02797295_12225.JPEG,n02797295
n02799071_35338.JPEG,n02799071
n02799071_15696.JPEG,n02799071
n02802426_261.JPEG,n02802426
n02802426_11733.JPEG,n02802426
n02804414_7340.JPEG,n02804414
n02804414_1995.JPEG,n02804414
n02804610_23520.JPEG,n02804610
n02804610_16133.JPEG,n02804610
n02807133_4412.JPEG,n02807133
n02807133_14025.JPEG,n02807133
n02808304_4404.JPEG,n02808304
n02808304_12526.JPEG,n02808304
n02808440_52437.JPEG,n02808440
n02808440_14783.JPEG,n02808440
n02814533_5998.JPEG,n02814533
n02814533_16015.JPEG,n02814533
n02814860_38625.JPEG,n02814860
n02814860_16442.JPEG,n02814860
n02815834_5489.JPEG,n02815834
n02815834_12024.JPEG,n02815834
n02817516_45597.JPEG,n02817516
n02817516_16696.JPEG,n02817516
n02823428_5916.JPEG,n02823428
n02823428_1400.JPEG,n02823428
n02823750_6394.JPEG,n02823750
n02823750_13157.JPEG,n02823750
n02825657_6462.JPEG,n02825657
n02825657_10777.JPEG,n02825657
n02834397_5990.JPEG,n02834397
n02834397_1773.JPEG,n02834397
n02835271_6906.JPEG,n02835271
n02835271_12763.JPEG,n02835271
n02837789_24216.JPEG,n02837789
n02837789_13269.JPEG,n02837789
n02840245_5054.JPEG,n02840245
n02840245_11218.JPEG,n02840245
n02841315_36369.JPEG,n02841315
n02841315_12893.JPEG,n02841315
n02843684_4719.JPEG,n02843684
n02843684_14430.JPEG,n02843684
n02859443_4989.JPEG,n02859443
n02859443_14454.JPEG,n02859443
n02860847_37870.JPEG,n02860847
n02860847_1163.JPEG,n02860847
n02865351_3408.JPEG,n02865351
n02865351_13050.JPEG,n02865351
n02869837_325.JPEG,n02869837
n02869837_11803.JPEG,n02869837
n02870880_7622.JPEG,n02870880
n02870880_12445.JPEG,n02870880
n02871525_435.JPEG,n02871525
n02871525_1347.JPEG,n02871525
n02877765_54.JPEG,n02877765
n02877765_11979.JPEG,n02877765
n02879718_3497.JPEG,n02879718
n02879718_14442.JPEG,n02879718
n02883205_4237.JPEG,n02883205
n02883205_11626.JPEG,n02883205
n02892201_38012.JPEG,n02892201
n02892201_13435.JPEG,n02892201
n02892767_41870.JPEG,n02892767
n02892767_13796.JPEG,n02892767
n02894605_62384.JPEG,n02894605
n02894605_173371.JPEG,n02894605
n02895154_37993.JPEG,n02895154
n02895154_15433.JPEG,n02895154
n02906734_35711.JPEG,n02906734
n02906734_14390.JPEG,n02906734
n02909870_4310.JPEG,n02909870
n02909870_13720.JPEG,n02909870
n02910353_5112.JPEG,n02910353
n02910353_12285.JPEG,n02910353
n02916936_6349.JPEG,n02916936
n02916936_12681.JPEG,n02916936
n02917067_3883.JPEG,n02917067
n02917067_13607.JPEG,n02917067
n02927161_36342.JPEG,n02927161
n02927161_1109.JPEG,n02927161
n02930766_38407.JPEG,n02930766
n02930766_16755.JPEG,n02930766
n02939185_42600.JPEG,n02939185
n02939185_1242.JPEG,n02939185
n02948072_55359.JPEG,n02948072
n02948072_17150.JPEG,n02948072
n02950826_33660.JPEG,n02950826
n02950826_12959.JPEG,n02950826
n02951358_32181.JPEG,n02951358
n02951358_12111.JPEG,n02951358
n02951585_32259.JPEG,n02951585
n02951585_12325.JPEG,n02951585
n02963159_6085.JPEG,n02963159
n02963159_1215.JPEG,n02963159
n02965783_5594.JPEG,n02965783
n02965783_1840.JPEG,n02965783
n02966193_37058.JPEG,n02966193
n02966193_14353.JPEG,n02966193
n02966687_5213.JPEG,n02966687
n02966687_1108.JPEG,n02966687
n02971356_3704.JPEG,n02971356
n02971356_15176.JPEG,n02971356
n02974003_6355.JPEG,n02974003
n02974003_1505.JPEG,n02974003
n02977058_28644.JPEG,n02977058
n02977058_19243.JPEG,n02977058
n02978881_4772.JPEG,n02978881
n02978881_12377.JPEG,n02978881
n02979186_25404.JPEG,n02979186
n02979186_11976.JPEG,n02979186
n02980441_41418.JPEG,n02980441
n02980441_13970.JPEG,n02980441
n02981792_4900.JPEG,n02981792
n02981792_11660.JPEG,n02981792
n02988304_5607.JPEG,n02988304
n02988304_12486.JPEG,n02988304
n02992211_34029.JPEG,n02992211
n02992211_2434.JPEG,n02992211
n02992529_45270.JPEG,n02992529
n02992529_1325.JPEG,n02992529
n02999410_42616.JPEG,n02999410
n02999410_13228.JPEG,n02999410
n03000134_4018.JPEG,n03000134
n03000134_1519.JPEG,n03000134
n03000247_38524.JPEG,n03000247
n03000247_16513.JPEG,n03000247
n03000684_5084.JPEG,n03000684
n03000684_13664.JPEG,n03000684
n03014705_36862.JPEG,n03014705
n03014705_12090.JPEG,n03014705
n03016953_4608.JPEG,n03016953
n03016953_1185.JPEG,n03016953
n03017168_52918.JPEG,n03017168
n03017168_17693.JPEG,n03017168
n03018349_5882.JPEG,n03018349
n03018349_121.JPEG,n03018349
n03026506_4882.JPEG,n03026506
n03026506_157.JPEG,n03026506
n03028079_50248.JPEG,n03028079
n03028079_12435.JPEG,n03028079
n03032252_56113.JPEG,n03032252
n03032252_16853.JPEG,n03032252
n03041632_4549.JPEG,n03041632
n03041632_13225.JPEG,n03041632
n03042490_621.JPEG,n03042490
n03042490_1479.JPEG,n03042490
n03045698_5633.JPEG,n03045698
n03045698_12969.JPEG,n03045698
n03047690_50119.JPEG,n03047690
n03047690_17972.JPEG,n03047690
n03062245_4685.JPEG,n03062245
n03062245_1336.JPEG,n03062245
n03063599_4648.JPEG,n03063599
n03063599_1935.JPEG,n03063599
n03063689_5249.JPEG,n03063689
n03063689_11160.JPEG,n03063689
n03065424_49742.JPEG,n03065424
n03065424_13482.JPEG,n03065424
n03075370_6669.JPEG,n03075370
n03075370_10684.JPEG,n03075370
n03085013_24349.JPEG,n03085013
n03085013_19020.JPEG,n03085013
n03089624_44488.JPEG,n03089624
n03089624_12879.JPEG,n03089624
n03095699_4299.JPEG,n03095699
n03095699_12694.JPEG,n03095699
n03100240_5093.JPEG,n03100240
n03100240_1428.JPEG,n03100240
n03109150_5463.JPEG,n03109150
n03109150_15105.JPEG,n03109150
n03110669_75493.JPEG,n03110669
n03110669_115392.JPEG,n03110669
n03124043_5641.JPEG,n03124043
n03124043_1770.JPEG,n03124043
n03124170_5351.JPEG,n03124170
n03124170_12109.JPEG,n03124170
n03125729_4558.JPEG,n03125729
n03125729_12961.JPEG,n03125729
n03126707_5771.JPEG,n03126707
n03126707_12031.JPEG,n03126707
n03127747_6187.JPEG,n03127747
n03127747_15483.JPEG,n03127747
n03127925_529.JPEG,n03127925
n03127925_17336.JPEG,n03127925
n03131574_58545.JPEG,n03131574
n03131574_15057.JPEG,n03131574
n03133878_551.JPEG,n03133878
n03133878_11399.JPEG,n03133878
n03134739_6139.JPEG,n03134739
n03134739_11984.JPEG,n03134739
n03141823_636.JPEG,n03141823
n03141823_14919.JPEG,n03141823
n03146219_5903.JPEG,n03146219
n03146219_15604.JPEG,n03146219
n03160309_48291.JPEG,n03160309
n03160309_13050.JPEG,n03160309
n03179701_68990.JPEG,n03179701
n03179701_15553.JPEG,n03179701
n03180011_7471.JPEG,n03180011
n03180011_13107.JPEG,n03180011
n03187595_5722.JPEG,n03187595
n03187595_1266.JPEG,n03187595
n03188531_4547.JPEG,n03188531
n03188531_15107.JPEG,n03188531
n03196217_6044.JPEG,n03196217
n03196217_11675.JPEG,n03196217
n03197337_547.JPEG,n03197337
n03197337_1351.JPEG,n03197337
n03201208_54612.JPEG,n03201208
n03201208_13672.JPEG,n03201208
n03207743_3195.JPEG,n03207743
n03207743_1135.JPEG,n03207743
n03207941_600.JPEG,n03207941
n03207941_12703.JPEG,n03207941
n03208938_3913.JPEG,n03208938
n03208938_12403.JPEG,n03208938
n03216828_54487.JPEG,n03216828
n03216828_12904.JPEG,n03216828
n03218198_699.JPEG,n03218198
n03218198_15406.JPEG,n03218198
n03220513_4133.JPEG,n03220513
n03220513_11479.JPEG,n03220513
n03223299_6522.JPEG,n03223299
n03223299_12900.JPEG,n03223299
n03240683_496.JPEG,n03240683
n03240683_11256.JPEG,n03240683
n03249569_42276.JPEG,n03249569
n03249569_19482.JPEG,n03249569
n03250847_4181.JPEG,n03250847
n03250847_12119.JPEG,n03250847
n03255030_5623.JPEG,n03255030
n03255030_10993.JPEG,n03255030
n03259280_5836.JPEG,n03259280
n03259280_11160.JPEG,n03259280
n03271574_5730.JPEG,n03271574
n03271574_14637.JPEG,n03271574
n03272010_6582.JPEG,n03272010
n03272010_13813.JPEG,n03272010
n03272562_5099.JPEG,n03272562
n03272562_10982.JPEG,n03272562
n03290653_5362.JPEG,n03290653
n03290653_13662.JPEG,n03290653
n03291819_37955.JPEG,n03291819
n03291819_11352.JPEG,n03291819
n03297495_6935.JPEG,n03297495
n03297495_15299.JPEG,n03297495
n03314780_47.JPEG,n03314780
n03314780_1178.JPEG,n03314780
n03325584_43830.JPEG,n03325584
n03325584_13015.JPEG,n03325584
n03337140_41056.JPEG,n03337140
n03337140_14179.JPEG,n03337140
n03344393_6110.JPEG,n03344393
n03344393_1537.JPEG,n03344393
n03345487_4520.JPEG,n03345487
n03345487_12425.JPEG,n03345487
n03347037_27646.JPEG,n03347037
n03347037_12917.JPEG,n03347037
n03355925_3207.JPEG,n03355925
n03355925_13205.JPEG,n03355925
n03372029_47755.JPEG,n03372029
n03372029_203.JPEG,n03372029
n03376595_5923.JPEG,n03376595
n03376595_13734.JPEG,n03376595
n03379051_6577.JPEG,n03379051
n03379051_2427.JPEG,n03379051
n03384352_6207.JPEG,n03384352
n03384352_1411.JPEG,n03384352
n03388043_6144.JPEG,n03388043
n03388043_14151.JPEG,n03388043
n03388183_4584.JPEG,n03388183
n03388183_1261.JPEG,n03388183
n03388549_6575.JPEG,n03388549
n03388549_11420.JPEG,n03388549
n03393912_7391.JPEG,n03393912
n03393912_2084.JPEG,n03393912
n03394916_45969.JPEG,n03394916
n03394916_23411.JPEG,n03394916
n03400231_51593.JPEG,n03400231
n03400231_14342.JPEG,n03400231
n03404251_5868.JPEG,n03404251
n03404251_1093.JPEG,n03404251
n03417042_3829.JPEG,n03417042
n03417042_1262.JPEG,n03417042
n03424325_5154.JPEG,n03424325
n03424325_18090.JPEG,n03424325
n03425413_2717.JPEG,n03425413
n03425413_1381.JPEG,n03425413
n03443371_5406.JPEG,n03443371
n03443371_12916.JPEG,n03443371
n03444034_7135.JPEG,n03444034
n03444034_12897.JPEG,n03444034
n03445777_6029.JPEG,n03445777
n03445777_1289.JPEG,n03445777
n03445924_495.JPEG,n03445924
n03445924_12887.JPEG,n03445924
n03447447_6114.JPEG,n03447447
n03447447_11735.JPEG,n03447447
n03447721_44598.JPEG,n03447721
n03447721_14799.JPEG,n03447721
n03450230_34270.JPEG,n03450230
n03450230_12336.JPEG,n03450230
n03452741_3888.JPEG,n03452741
n03452741_13719.JPEG,n03452741
n03457902_50863.JPEG,n03457902
n03457902_156241.JPEG,n03457902
n03459775_5176.JPEG,n03459775
n03459775_11922.JPEG,n03459775
n03461385_45420.JPEG,n03461385
n03461385_12433.JPEG,n03461385
n03467068_6999.JPEG,n03467068
n03467068_11126.JPEG,n03467068
n03476684_4210.JPEG,n03476684
n03476684_12207.JPEG,n03476684
n03476991_40426.JPEG,n03476991
n03476991_13596.JPEG,n03476991
n03478589_5499.JPEG,n03478589
n03478589_12367.JPEG,n03478589
n03481172_38330.JPEG,n03481172
n03481172_1219.JPEG,n03481172
n03482405_3105.JPEG,n03482405
n03482405_1571.JPEG,n03482405
n03483316_48541.JPEG,n03483316
n03483316_17322.JPEG,n03483316
n03485407_5577.JPEG,n03485407
n03485407_11114.JPEG,n03485407
n03485794_54529.JPEG,n03485794
n03485794_14414.JPEG,n03485794
n03492542_40614.JPEG,n03492542
n03492542_13559.JPEG,n03492542
n03494278_41508.JPEG,n03494278
n03494278_20349.JPEG,n03494278
n03495258_28000.JPEG,n03495258
n03495258_11709.JPEG,n03495258
n03496892_36616.JPEG,n03496892
n03496892_12748.JPEG,n03496892
n03498962_59587.JPEG,n03498962
n03498962_12465.JPEG,n03498962
n03527444_4866.JPEG,n03527444
n03527444_12062.JPEG,n03527444
n03529860_5268.JPEG,n03529860
n03529860_11615.JPEG,n03529860
n03530642_35004.JPEG,n03530642
n03530642_15915.JPEG,n03530642
n03532672_3926.JPEG,n03532672
n03532672_18096.JPEG,n03532672
n03534580_4833.JPEG,n03534580
n03534580_12121.JPEG,n03534580
n03535780_44389.JPEG,n03535780
n03535780_12524.JPEG,n03535780
n03538406_5794.JPEG,n03538406
n03538406_14612.JPEG,n03538406
n03544143_3794.JPEG,n03544143
n03544143_11854.JPEG,n03544143
n03584254_5024.JPEG,n03584254
n03584254_2044.JPEG,n03584254
n03584829_43072.JPEG,n03584829
n03584829_18969.JPEG,n03584829
n03590841_6227.JPEG,n03590841
n03590841_12175.JPEG,n03590841
n03594734_43056.JPEG,n03594734
n03594734_17323.JPEG,n03594734
n03594945_4663.JPEG,n03594945
n03594945_13276.JPEG,n03594945
n03595614_389.JPEG,n03595614
n03595614_16477.JPEG,n03595614
n03598930_6467.JPEG,n03598930
n03598930_11072.JPEG,n03598930
n03599486_4115.JPEG,n03599486
n03599486_14544.JPEG,n03599486
n03602883_4146.JPEG,n03602883
n03602883_11563.JPEG,n03602883
n03617480_5533.JPEG,n03617480
n03617480_13799.JPEG,n03617480
n03623198_606.JPEG,n03623198
n03623198_11584.JPEG,n03623198
n03627232_51782.JPEG,n03627232
n03627232_12566.JPEG,n03627232
n03630383_621.JPEG,n03630383
n03630383_11322.JPEG,n03630383
n03633091_2206.JPEG,n03633091
n03633091_13044.JPEG,n03633091
n03637318_39617.JPEG,n03637318
n03637318_12641.JPEG,n03637318
n03642806_3173.JPEG,n03642806
n03642806_14580.JPEG,n03642806
n03649909_4003.JPEG,n03649909
n03649909_14054.JPEG,n03649909
n03657121_43574.JPEG,n03657121
n03657121_12930.JPEG,n03657121
n03658185_5323.JPEG,n03658185
n03658185_14073.JPEG,n03658185
n03661043_4238.JPEG,n03661043
n03661043_13013.JPEG,n03661043
n03662601_35289.JPEG,n03662601
n03662601_13282.JPEG,n03662601
n03666591_40770.JPEG,n03666591
n03666591_15857.JPEG,n03666591
n03670208_55341.JPEG,n03670208
n03670208_16206.JPEG,n03670208
n03673027_43716.JPEG,n03673027
n03673027_12224.JPEG,n03673027
n03676483_5720.JPEG,n03676483
n03676483_16194.JPEG,n03676483
n03680355_4375.JPEG,n03680355
n03680355_1100.JPEG,n03680355
n03690938_7010.JPEG,n03690938
n03690938_11410.JPEG,n03690938
n03691459_55847.JPEG,n03691459
n03691459_20969.JPEG,n03691459
n03692522_4669.JPEG,n03692522
n03692522_13304.JPEG,n03692522
n03697007_34670.JPEG,n03697007
n03697007_12550.JPEG,n03697007
n03706229_6075.JPEG,n03706229
n03706229_12824.JPEG,n03706229
n03709823_26066.JPEG,n03709823
n03709823_12772.JPEG,n03709823
n03710193_33686.JPEG,n03710193
n03710193_12908.JPEG,n03710193
n03710637_5560.JPEG,n03710637
n03710637_13112.JPEG,n03710637
n03710721_4126.JPEG,n03710721
n03710721_1511.JPEG,n03710721
n03717622_8138.JPEG,n03717622
n03717622_12938.JPEG,n03717622
n03720891_4864.JPEG,n03720891
n03720891_12996.JPEG,n03720891
n03721384_5684.JPEG,n03721384
n03721384_16407.JPEG,n03721384
n03724870_40883.JPEG,n03724870
n03724870_15978.JPEG,n03724870
n03729826_3599.JPEG,n03729826
n03729826_14664.JPEG,n03729826
n03733131_4246.JPEG,n03733131
n03733131_11429.JPEG,n03733131
n03733281_31142.JPEG,n03733281
n03733281_11848.JPEG,n03733281
n03733805_6331.JPEG,n03733805
n03733805_12007.JPEG,n03733805
n03742115_31094.JPEG,n03742115
n03742115_11258.JPEG,n03742115
n03743016_3228.JPEG,n03743016
n03743016_12078.JPEG,n03743016
n03759954_24583.JPEG,n03759954
n03759954_16931.JPEG,n03759954
n03761084_4844.JPEG,n03761084
n03761084_13306.JPEG,n03761084
n03763968_6450.JPEG,n03763968
n03763968_1862.JPEG,n03763968
n03764736_6651.JPEG,n03764736
n03764736_10798.JPEG,n03764736
n03769881_6610.JPEG,n03769881
n03769881_15562.JPEG,n03769881
n03770439_32188.JPEG,n03770439
n03770439_12467.JPEG,n03770439
n03770679_499.JPEG,n03770679
n03770679_13662.JPEG,n03770679
n03773504_3803.JPEG,n03773504
n03773504_13201.JPEG,n03773504
n03775071_490.JPEG,n03775071
n03775071_10800.JPEG,n03775071
n03775546_549.JPEG,n03775546
n03775546_14635.JPEG,n03775546
n03776460_3780.JPEG,n03776460
n03776460_13283.JPEG,n03776460
n03777568_4284.JPEG,n03777568
n03777568_12354.JPEG,n03777568
n03777754_5448.JPEG,n03777754
n03777754_13977.JPEG,n03777754
n03781244_61905.JPEG,n03781244
n03781244_129609.JPEG,n03781244
n03782006_6288.JPEG,n03782006
n03782006_13288.JPEG,n03782006
n03785016_51369.JPEG,n03785016
n03785016_12170.JPEG,n03785016
n03786901_507.JPEG,n03786901
n03786901_1208.JPEG,n03786901
n03787032_5716.JPEG,n03787032
n03787032_11392.JPEG,n03787032
n03788195_54814.JPEG,n03788195
n03788195_13154.JPEG,n03788195
n03788365_5274.JPEG,n03788365
n03788365_11775.JPEG,n03788365
n03791053_36398.JPEG,n03791053
n03791053_12638.JPEG,n03791053
n03792782_518.JPEG,n03792782
n03792782_14021.JPEG,n03792782
n03792972_7648.JPEG,n03792972
n03792972_3013.JPEG,n03792972
n03793489_6785.JPEG,n03793489
n03793489_11904.JPEG,n03793489
n03794056_5409.JPEG,n03794056
n03794056_13952.JPEG,n03794056
n03796401_481.JPEG,n03796401
n03796401_1532.JPEG,n03796401
n03803284_5756.JPEG,n03803284
n03803284_12731.JPEG,n03803284
n03804744_5551.JPEG,n03804744
n03804744_12978.JPEG,n03804744
n03814639_6240.JPEG,n03814639
n03814639_1392.JPEG,n03814639
n03814906_39968.JPEG,n03814906
n03814906_1391.JPEG,n03814906
n03825788_51354.JPEG,n03825788
n03825788_1630.JPEG,n03825788
n03832673_3103.JPEG,n03832673
n03832673_12392.JPEG,n03832673
n03837869_6390.JPEG,n03837869
n03837869_1584.JPEG,n03837869
n03838899_3469.JPEG,n03838899
n03838899_1745.JPEG,n03838899
n03840681_39835.JPEG,n03840681
n03840681_11869.JPEG,n03840681
n03841143_33101.JPEG,n03841143
n03841143_11607.JPEG,n03841143
n03843555_4100.JPEG,n03843555
n03843555_11895.JPEG,n03843555
n03854065_59495.JPEG,n03854065
n03854065_14476.JPEG,n03854065
n03857828_52019.JPEG,n03857828
n03857828_15802.JPEG,n03857828
n03866082_6128.JPEG,n03866082
n03866082_11265.JPEG,n03866082
n03868242_6674.JPEG,n03868242
n03868242_13657.JPEG,n03868242
n03868863_3250.JPEG,n03868863
n03868863_11405.JPEG,n03868863
n03871628_5957.JPEG,n03871628
n03871628_12059.JPEG,n03871628
n03873416_4149.JPEG,n03873416
n03873416_14306.JPEG,n03873416
n03874293_583.JPEG,n03874293
n03874293_11175.JPEG,n03874293
n03874599_637.JPEG,n03874599
n03874599_12294.JPEG,n03874599
n03876231_5370.JPEG,n03876231
n03876231_12763.JPEG,n03876231
n03877472_45726.JPEG,n03877472
n03877472_13327.JPEG,n03877472
n03877845_4079.JPEG,n03877845
n03877845_12023.JPEG,n03877845
n03884397_27329.JPEG,n03884397
n03884397_14521.JPEG,n03884397
n03887697_7047.JPEG,n03887697
n03887697_12554.JPEG,n03887697
n03888257_36918.JPEG,n03888257
n03888257_1286.JPEG,n03888257
n03888605_7196.JPEG,n03888605
n03888605_12911.JPEG,n03888605
n03891251_5176.JPEG,n03891251
n03891251_1495.JPEG,n03891251
n03891332_5805.JPEG,n03891332
n03891332_2230.JPEG,n03891332
n03895866_46853.JPEG,n03895866
n03895866_112204.JPEG,n03895866
n03899768_33216.JPEG,n03899768
n03899768_127333.JPEG,n03899768
n03902125_5720.JPEG,n03902125
n03902125_15086.JPEG,n03902125
n03903868_5443.JPEG,n03903868
n03903868_16729.JPEG,n03903868
n03908618_6057.JPEG,n03908618
n03908618_14855.JPEG,n03908618
n03908714_5242.JPEG,n03908714
n03908714_13310.JPEG,n03908714
n03916031_48772.JPEG,n03916031
n03916031_14982.JPEG,n03916031
n03920288_4690.JPEG,n03920288
n03920288_1692.JPEG,n03920288
n03924679_3024.JPEG,n03924679
n03924679_11744.JPEG,n03924679
n03929660_5449.JPEG,n03929660
n03929660_12945.JPEG,n03929660
n03929855_6044.JPEG,n03929855
n03929855_1645.JPEG,n03929855
n03930313_3551.JPEG,n03930313
n03930313_1199.JPEG,n03930313
n03930630_4499.JPEG,n03930630
n03930630_12415.JPEG,n03930630
n03933933_32687.JPEG,n03933933
n03933933_16546.JPEG,n03933933
n03935335_4226.JPEG,n03935335
n03935335_13704.JPEG,n03935335
n03937543_5296.JPEG,n03937543
n03937543_11437.JPEG,n03937543
n03938244_3278.JPEG,n03938244
n03938244_14174.JPEG,n03938244
n03942813_7547.JPEG,n03942813
n03942813_12947.JPEG,n03942813
n03944341_7632.JPEG,n03944341
n03944341_1185.JPEG,n03944341
n03947888_38368.JPEG,n03947888
n03947888_11003.JPEG,n03947888
n03950228_29061.JPEG,n03950228
n03950228_14588.JPEG,n03950228
n03954731_45771.JPEG,n03954731
n03954731_15138.JPEG,n03954731
n03956157_35147.JPEG,n03956157
n03956157_12529.JPEG,n03956157
n03958227_7262.JPEG,n03958227
n03958227_12837.JPEG,n03958227
n03961711_5792.JPEG,n03961711
n03961711_12376.JPEG,n03961711
n03967562_4952.JPEG,n03967562
n03967562_17508.JPEG,n03967562
n03970156_447.JPEG,n03970156
n03970156_12919.JPEG,n03970156
n03976467_7101.JPEG,n03976467
n03976467_11829.JPEG,n03976467
n03976657_6163.JPEG,n03976657
n03976657_16673.JPEG,n03976657
n03977966_57006.JPEG,n03977966
n03977966_15247.JPEG,n03977966
n03980874_613.JPEG,n03980874
n03980874_13931.JPEG,n03980874
n03982430_32527.JPEG,n03982430
n03982430_14861.JPEG,n03982430
n03983396_3604.JPEG,n03983396
n03983396_11463.JPEG,n03983396
n03991062_4071.JPEG,n03991062
n03991062_12518.JPEG,n03991062
n03992509_6726.JPEG,n03992509
n03992509_14203.JPEG,n03992509
n03995372_6502.JPEG,n03995372
n03995372_12391.JPEG,n03995372
n03998194_7004.JPEG,n03998194
n03998194_11081.JPEG,n03998194
n04004767_5712.JPEG,n04004767
n04004767_11374.JPEG,n04004767
n04005630_5040.JPEG,n04005630
n04005630_120701.JPEG,n04005630
n04008634_3176.JPEG,n04008634
n04008634_16286.JPEG,n04008634
n04009552_315.JPEG,n04009552
n04009552_13690.JPEG,n04009552
n04019541_56308.JPEG,n04019541
n04019541_21256.JPEG,n04019541
n04023962_38535.JPEG,n04023962
n04023962_1582.JPEG,n04023962
n04026417_4105.JPEG,n04026417
n04026417_17424.JPEG,n04026417
n04033901_38748.JPEG,n04033901
n04033901_13058.JPEG,n04033901
n04033995_48782.JPEG,n04033995
n04033995_128.JPEG,n04033995
n04037443_39086.JPEG,n04037443
n04037443_12877.JPEG,n04037443
n04039381_5134.JPEG,n04039381
n04039381_14857.JPEG,n04039381
n04040759_59.JPEG,n04040759
n04040759_11743.JPEG,n04040759
n04041544_39792.JPEG,n04041544
n04041544_13358.JPEG,n04041544
n04044716_5374.JPEG,n04044716
n04044716_13050.JPEG,n04044716
n04049303_8208.JPEG,n04049303
n04049303_1077.JPEG,n04049303
n04065272_3226.JPEG,n04065272
n04065272_13361.JPEG,n04065272
n04067472_38380.JPEG,n04067472
n04067472_1240.JPEG,n04067472
n04069434_7452.JPEG,n04069434
n04069434_13821.JPEG,n04069434
n04070727_40091.JPEG,n04070727
n04070727_15832.JPEG,n04070727
n04074963_3677.JPEG,n04074963
n04074963_11940.JPEG,n04074963
n04081281_59830.JPEG,n04081281
n04081281_122213.JPEG,n04081281
n04086273_37549.JPEG,n04086273
n04086273_15102.JPEG,n04086273
n04090263_6366.JPEG,n04090263
n04090263_15204.JPEG,n04090263
n04099969_4931.JPEG,n04099969
n04099969_13775.JPEG,n04099969
n04111531_690.JPEG,n04111531
n04111531_14441.JPEG,n04111531
n04116512_4932.JPEG,n04116512
n04116512_16106.JPEG,n04116512
n04118538_6241.JPEG,n04118538
n04118538_1310.JPEG,n04118538
n04118776_58882.JPEG,n04118776
n04118776_16648.JPEG,n04118776
n04120489_5536.JPEG,n04120489
n04120489_1626.JPEG,n04120489
n04125021_453.JPEG,n04125021
n04125021_12661.JPEG,n04125021
n04127249_600.JPEG,n04127249
n04127249_1504.JPEG,n04127249
n04131690_611.JPEG,n04131690
n04131690_12952.JPEG,n04131690
n04133789_5941.JPEG,n04133789
n04133789_1327.JPEG,n04133789
n04136333_6880.JPEG,n04136333
n04136333_11620.JPEG,n04136333
n04141076_48426.JPEG,n04141076
n04141076_220.JPEG,n04141076
n04141327_6096.JPEG,n04141327
n04141327_13482.JPEG,n04141327
n04141975_39074.JPEG,n04141975
n04141975_15735.JPEG,n04141975
n04146614_6914.JPEG,n04146614
n04146614_1192.JPEG,n04146614
n04147183_4092.JPEG,n04147183
n04147183_1275.JPEG,n04147183
n04149813_5894.JPEG,n04149813
n04149813_16817.JPEG,n04149813
n04152593_58224.JPEG,n04152593
n04152593_16714.JPEG,n04152593
n04153751_6564.JPEG,n04153751
n04153751_1763.JPEG,n04153751
n04154565_3248.JPEG,n04154565
n04154565_13467.JPEG,n04154565
n04162706_42562.JPEG,n04162706
n04162706_14340.JPEG,n04162706
n04179913_1600.JPEG,n04179913
n04179913_11983.JPEG,n04179913
n04192698_55832.JPEG,n04192698
n04192698_13333.JPEG,n04192698
n04200800_38509.JPEG,n04200800
n04200800_12870.JPEG,n04200800
n04201297_8014.JPEG,n04201297
n04201297_1213.JPEG,n04201297
n04204238_5621.JPEG,n04204238
n04204238_13049.JPEG,n04204238
n04204347_4858.JPEG,n04204347
n04204347_1204.JPEG,n04204347
n04208210_45535.JPEG,n04208210
n04208210_1303.JPEG,n04208210
n04209133_475.JPEG,n04209133
n04209133_12330.JPEG,n04209133
n04209239_7045.JPEG,n04209239
n04209239_12061.JPEG,n04209239
n04228054_4433.JPEG,n04228054
n04228054_12479.JPEG,n04228054
n04229816_7141.JPEG,n04229816
n04229816_13249.JPEG,n04229816
n04235860_6347.JPEG,n04235860
n04235860_13315.JPEG,n04235860
n04238763_5798.JPEG,n04238763
n04238763_1146.JPEG,n04238763
n04239074_6618.JPEG,n04239074
n04239074_12809.JPEG,n04239074
n04243546_3499.JPEG,n04243546
n04243546_13637.JPEG,n04243546
n04251144_36234.JPEG,n04251144
n04251144_12234.JPEG,n04251144
n04252077_7346.JPEG,n04252077
n04252077_15882.JPEG,n04252077
n04252225_3608.JPEG,n04252225
n04252225_12651.JPEG,n04252225
n04254120_5187.JPEG,n04254120
n04254120_1652.JPEG,n04254120
n04254680_7331.JPEG,n04254680
n04254680_14007.JPEG,n04254680
n04254777_7075.JPEG,n04254777
n04254777_13270.JPEG,n04254777
n04258138_5121.JPEG,n04258138
n04258138_14517.JPEG,n04258138
n04259630_3969.JPEG,n04259630
n04259630_13997.JPEG,n04259630
n04263257_6623.JPEG,n04263257
n04263257_14670.JPEG,n04263257
n04264628_5597.JPEG,n04264628
n04264628_15684.JPEG,n04264628
n04265275_6362.JPEG,n04265275
n04265275_13210.JPEG,n04265275
n04266014_6411.JPEG,n04266014
n04266014_1885.JPEG,n04266014
n04270147_5546.JPEG,n04270147
n04270147_13844.JPEG,n04270147
n04273569_5276.JPEG,n04273569
n04273569_1280.JPEG,n04273569
n04275548_5040.JPEG,n04275548
n04275548_109.JPEG,n04275548
n04277352_6833.JPEG,n04277352
n04277352_12030.JPEG,n04277352
n04285008_6125.JPEG,n04285008
n04285008_1124.JPEG,n04285008
n04286575_5191.JPEG,n04286575
n04286575_14968.JPEG,n04286575
n04296562_41276.JPEG,n04296562
n04296562_13452.JPEG,n04296562
n04310018_7134.JPEG,n04310018
n04310018_11515.JPEG,n04310018
n04311004_4925.JPEG,n04311004
n04311004_1525.JPEG,n04311004
n04311174_8062.JPEG,n04311174
n04311174_217.JPEG,n04311174
n04317175_5161.JPEG,n04317175
n04317175_1188.JPEG,n04317175
n04325704_5977.JPEG,n04325704
n04325704_12800.JPEG,n04325704
n04326547_6485.JPEG,n04326547
n04326547_13696.JPEG,n04326547
n04328186_39084.JPEG,n04328186
n04328186_14000.JPEG,n04328186
n04330267_3501.JPEG,n04330267
n04330267_1309.JPEG,n04330267
n04332243_36901.JPEG,n04332243
n04332243_12694.JPEG,n04332243
n04335435_2583.JPEG,n04335435
n04335435_11557.JPEG,n04335435
n04336792_5937.JPEG,n04336792
n04336792_11964.JPEG,n04336792
n04344873_4749.JPEG,n04344873
n04344873_12368.JPEG,n04344873
n04346328_3490.JPEG,n04346328
n04346328_12401.JPEG,n04346328
n04347754_59748.JPEG,n04347754
n04347754_17923.JPEG,n04347754
n04350905_3971.JPEG,n04350905
n04350905_12301.JPEG,n04350905
n04355338_6495.JPEG,n04355338
n04355338_12470.JPEG,n04355338
n04355933_617.JPEG,n04355933
n04355933_11706.JPEG,n04355933
n04356056_60414.JPEG,n04356056
n04356056_18966.JPEG,n04356056
n04357314_3811.JPEG,n04357314
n04357314_12405.JPEG,n04357314
n04366367_5853.JPEG,n04366367
n04366367_1296.JPEG,n04366367
n04367480_43082.JPEG,n04367480
n04367480_14513.JPEG,n04367480
n04370456_6495.JPEG,n04370456
n04370456_19757.JPEG,n04370456
n04371430_6341.JPEG,n04371430
n04371430_15369.JPEG,n04371430
n04371774_2398.JPEG,n04371774
n04371774_12081.JPEG,n04371774
n04372370_38125.JPEG,n04372370
n04372370_15309.JPEG,n04372370
n04376876_6288.JPEG,n04376876
n04376876_13250.JPEG,n04376876
n04380533_5648.JPEG,n04380533
n04380533_1754.JPEG,n04380533
n04389033_4250.JPEG,n04389033
n04389033_13426.JPEG,n04389033
n04392985_7721.JPEG,n04392985
n04392985_12369.JPEG,n04392985
n04398044_33315.JPEG,n04398044
n04398044_13603.JPEG,n04398044
n04399382_33055.JPEG,n04399382
n04399382_16092.JPEG,n04399382
n04404412_31178.JPEG,n04404412
n04404412_14614.JPEG,n04404412
n04409515_7327.JPEG,n04409515
n04409515_1473.JPEG,n04409515
n04417672_3823.JPEG,n04417672
n04417672_13347.JPEG,n04417672
n04418357_39825.JPEG,n04418357
n04418357_13920.JPEG,n04418357
n04423845_39762.JPEG,n04423845
n04423845_12867.JPEG,n04423845
n04428191_371.JPEG,n04428191
n04428191_11686.JPEG,n04428191
n04429376_5202.JPEG,n04429376
n04429376_12972.JPEG,n04429376
n04435653_6370.JPEG,n04435653
n04435653_12564.JPEG,n04435653
n04442312_4158.JPEG,n04442312
n04442312_11970.JPEG,n04442312
n04443257_44768.JPEG,n04443257
n04443257_12972.JPEG,n04443257
n04447861_5826.JPEG,n04447861
n04447861_1566.JPEG,n04447861
n04456115_5430.JPEG,n04456115
n04456115_13709.JPEG,n04456115
n04458633_6107.JPEG,n04458633
n04458633_11888.JPEG,n04458633
n04461696_4888.JPEG,n04461696
n04461696_1389.JPEG,n04461696
n04462240_4965.JPEG,n04462240
n04462240_11680.JPEG,n04462240
n04465501_6145.JPEG,n04465501
n04465501_12848.JPEG,n04465501
n04467665_56496.JPEG,n04467665
n04467665_2155.JPEG,n04467665
n04476259_4474.JPEG,n04476259
n04476259_12019.JPEG,n04476259
n04479046_7360.JPEG,n04479046
n04479046_13318.JPEG,n04479046
n04482393_27500.JPEG,n04482393
n04482393_12884.JPEG,n04482393
n04483307_6331.JPEG,n04483307
n04483307_11291.JPEG,n04483307
n04485082_4551.JPEG,n04485082
n04485082_12028.JPEG,n04485082
n04486054_6441.JPEG,n04486054
n04486054_11219.JPEG,n04486054
n04487081_35577.JPEG,n04487081
n04487081_13022.JPEG,n04487081
n04487394_25637.JPEG,n04487394
n04487394_16101.JPEG,n04487394
n04493381_31209.JPEG,n04493381
n04493381_13803.JPEG,n04493381
n04501370_4449.JPEG,n04501370
n04501370_12612.JPEG,n04501370
n04505470_4828.JPEG,n04505470
n04505470_1375.JPEG,n04505470
n04507155_5126.JPEG,n04507155
n04507155_15092.JPEG,n04507155
n04509417_4919.JPEG,n04509417
n04509417_1551.JPEG,n04509417
n04515003_39589.JPEG,n04515003
n04515003_17665.JPEG,n04515003
n04517823_35209.JPEG,n04517823
n04517823_13334.JPEG,n04517823
n04522168_5341.JPEG,n04522168
n04522168_1446.JPEG,n04522168
n04523525_3905.JPEG,n04523525
n04523525_1189.JPEG,n04523525
n04525038_5247.JPEG,n04525038
n04525038_1722.JPEG,n04525038
n04525305_5555.JPEG,n04525305
n04525305_10454.JPEG,n04525305
n04532106_6164.JPEG,n04532106
n04532106_11784.JPEG,n04532106
n04532670_3941.JPEG,n04532670
n04532670_6620.JPEG,n04532670
n04536866_40265.JPEG,n04536866
n04536866_12720.JPEG,n04536866
n04540053_7620.JPEG,n04540053
n04540053_1219.JPEG,n04540053
n04542943_5368.JPEG,n04542943
n04542943_1877.JPEG,n04542943
n04548280_5466.JPEG,n04548280
n04548280_21263.JPEG,n04548280
n04548362_5782.JPEG,n04548362
n04548362_13109.JPEG,n04548362
n04550184_56424.JPEG,n04550184
n04550184_23418.JPEG,n04550184
n04552348_23832.JPEG,n04552348
n04552348_12088.JPEG,n04552348
n04553703_36678.JPEG,n04553703
n04553703_11052.JPEG,n04553703
n04554684_53034.JPEG,n04554684
n04554684_15624.JPEG,n04554684
n04557648_5684.JPEG,n04557648
n04557648_11283.JPEG,n04557648
n04560804_4556.JPEG,n04560804
n04560804_13586.JPEG,n04560804
n04562935_5428.JPEG,n04562935
n04562935_11650.JPEG,n04562935
n04579145_5670.JPEG,n04579145
n04579145_165.JPEG,n04579145
n04579432_36112.JPEG,n04579432
n04579432_11850.JPEG,n04579432
n04584207_3399.JPEG,n04584207
n04584207_12149.JPEG,n04584207
n04589890_5979.JPEG,n04589890
n04589890_11878.JPEG,n04589890
n04590129_3697.JPEG,n04590129
n04590129_16175.JPEG,n04590129
n04591157_5073.JPEG,n04591157
n04591157_1794.JPEG,n04591157
n04591713_6168.JPEG,n04591713
n04591713_197.JPEG,n04591713
n04592741_5698.JPEG,n04592741
n04592741_1409.JPEG,n04592741
n04596742_39645.JPEG,n04596742
n04596742_12264.JPEG,n04596742
n04597913_6159.JPEG,n04597913
n04597913_1646.JPEG,n04597913
n04599235_2749.JPEG,n04599235
n04599235_13770.JPEG,n04599235
n04604644_4598.JPEG,n04604644
n04604644_13119.JPEG,n04604644
n04606251_508.JPEG,n04606251
n04606251_12745.JPEG,n04606251
n04612504_392.JPEG,n04612504
n04612504_12960.JPEG,n04612504
n04613696_7064.JPEG,n04613696
n04613696_1468.JPEG,n04613696
n06359193_62551.JPEG,n06359193
n06359193_18147.JPEG,n06359193
n06596364_6307.JPEG,n06596364
n06596364_12778.JPEG,n06596364
n06785654_5444.JPEG,n06785654
n06785654_12297.JPEG,n06785654
n06794110_5235.JPEG,n06794110
n06794110_1401.JPEG,n06794110
n06874185_37449.JPEG,n06874185
n06874185_17039.JPEG,n06874185
n07248320_63927.JPEG,n07248320
n07248320_12719.JPEG,n07248320
n07565083_8182.JPEG,n07565083
n07565083_11620.JPEG,n07565083
n07579787_5245.JPEG,n07579787
n07579787_13280.JPEG,n07579787
n07583066_755.JPEG,n07583066
n07583066_1561.JPEG,n07583066
n07584110_7214.JPEG,n07584110
n07584110_11729.JPEG,n07584110
n07590611_5275.JPEG,n07590611
n07590611_11292.JPEG,n07590611
n07613480_3815.JPEG,n07613480
n07613480_16366.JPEG,n07613480
n07614500_58898.JPEG,n07614500
n07614500_1275.JPEG,n07614500
n07615774_46290.JPEG,n07615774
n07615774_19410.JPEG,n07615774
n07684084_4822.JPEG,n07684084
n07684084_1740.JPEG,n07684084
n07693725_4515.JPEG,n07693725
n07693725_10554.JPEG,n07693725
n07695742_5537.JPEG,n07695742
n07695742_10788.JPEG,n07695742
n07697313_6431.JPEG,n07697313
n07697313_13713.JPEG,n07697313
n07697537_40865.JPEG,n07697537
n07697537_14881.JPEG,n07697537
n07711569_484.JPEG,n07711569
n07711569_2066.JPEG,n07711569
n07714571_5548.JPEG,n07714571
n07714571_13505.JPEG,n07714571
n07714990_5762.JPEG,n07714990
n07714990_14452.JPEG,n07714990
n07715103_439.JPEG,n07715103
n07715103_1259.JPEG,n07715103
n07716358_38814.JPEG,n07716358
n07716358_13636.JPEG,n07716358
n07716906_5759.JPEG,n07716906
n07716906_1346.JPEG,n07716906
n07717410_582.JPEG,n07717410
n07717410_11882.JPEG,n07717410
n07717556_5454.JPEG,n07717556
n07717556_11368.JPEG,n07717556
n07718472_32770.JPEG,n07718472
n07718472_14090.JPEG,n07718472
n07718747_5290.JPEG,n07718747
n07718747_11927.JPEG,n07718747
n07720875_6733.JPEG,n07720875
n07720875_14590.JPEG,n07720875
n07730033_747.JPEG,n07730033
n07730033_1191.JPEG,n07730033
n07734744_4944.JPEG,n07734744
n07734744_14345.JPEG,n07734744
n07742313_4501.JPEG,n07742313
n07742313_11381.JPEG,n07742313
n07745940_6372.JPEG,n07745940
n07745940_11873.JPEG,n07745940
n07747607_5016.JPEG,n07747607
n07747607_13780.JPEG,n07747607
n07749582_5193.JPEG,n07749582
n07749582_13704.JPEG,n07749582
n07753113_562.JPEG,n07753113
n07753113_13016.JPEG,n07753113
n07753275_4902.JPEG,n07753275
n07753275_17015.JPEG,n07753275
n07753592_5804.JPEG,n07753592
n07753592_1165.JPEG,n07753592
n07754684_36443.JPEG,n07754684
n07754684_16169.JPEG,n07754684
n07760859_7304.JPEG,n07760859
n07760859_1309.JPEG,n07760859
n07768694_6033.JPEG,n07768694
n07768694_12130.JPEG,n07768694
n07802026_5462.JPEG,n07802026
n07802026_15418.JPEG,n07802026
n07831146_7109.JPEG,n07831146
n07831146_1859.JPEG,n07831146
n07836838_5053.JPEG,n07836838
n07836838_12735.JPEG,n07836838
n07860988_4426.JPEG,n07860988
n07860988_14816.JPEG,n07860988
n07871810_5048.JPEG,n07871810
n07871810_12746.JPEG,n07871810
n07873807_5018.JPEG,n07873807
n07873807_12393.JPEG,n07873807
n07875152_487.JPEG,n07875152
n07875152_1653.JPEG,n07875152
n07880968_5185.JPEG,n07880968
n07880968_13992.JPEG,n07880968
n07892512_3914.JPEG,n07892512
n07892512_16720.JPEG,n07892512
n07920052_6275.JPEG,n07920052
n07920052_14708.JPEG,n07920052
n07930864_53106.JPEG,n07930864
n07930864_18265.JPEG,n07930864
n07932039_7107.JPEG,n07932039
n07932039_1341.JPEG,n07932039
n09193705_387.JPEG,n09193705
n09193705_13104.JPEG,n09193705
n09229709_51814.JPEG,n09229709
n09229709_18926.JPEG,n09229709
n09246464_65640.JPEG,n09246464
n09246464_14399.JPEG,n09246464
n09256479_3259.JPEG,n09256479
n09256479_11285.JPEG,n09256479
n09288635_3762.JPEG,n09288635
n09288635_12977.JPEG,n09288635
n09332890_42553.JPEG,n09332890
n09332890_164.JPEG,n09332890
n09399592_62182.JPEG,n09399592
n09399592_17659.JPEG,n09399592
n09421951_23681.JPEG,n09421951
n09421951_11253.JPEG,n09421951
n09428293_40337.JPEG,n09428293
n09428293_21197.JPEG,n09428293
n09468604_64379.JPEG,n09468604
n09468604_16071.JPEG,n09468604
n09472597_46279.JPEG,n09472597
n09472597_15908.JPEG,n09472597
n09835506_29829.JPEG,n09835506
n09835506_13786.JPEG,n09835506
n10148035_30013.JPEG,n10148035
n10148035_13018.JPEG,n10148035
n10565667_5966.JPEG,n10565667
n10565667_12249.JPEG,n10565667
n11879895_6717.JPEG,n11879895
n11879895_1543.JPEG,n11879895
n11939491_56232.JPEG,n11939491
n11939491_14123.JPEG,n11939491
n12057211_6503.JPEG,n12057211
n12057211_16296.JPEG,n12057211
n12144580_46135.JPEG,n12144580
n12144580_13008.JPEG,n12144580
n12267677_4599.JPEG,n12267677
n12267677_15041.JPEG,n12267677
n12620546_46477.JPEG,n12620546
n12620546_14122.JPEG,n12620546
n12768682_4381.JPEG,n12768682
n12768682_13002.JPEG,n12768682
n12985857_4601.JPEG,n12985857
n12985857_1812.JPEG,n12985857
n12998815_4652.JPEG,n12998815
n12998815_12098.JPEG,n12998815
n13037406_5539.JPEG,n13037406
n13037406_2119.JPEG,n13037406
n13040303_628.JPEG,n13040303
n13040303_1983.JPEG,n13040303
n13044778_5269.JPEG,n13044778
n13044778_12213.JPEG,n13044778
n13052670_6643.JPEG,n13052670
n13052670_1769.JPEG,n13052670
n13054560_5560.JPEG,n13054560
n13054560_12466.JPEG,n13054560
n13133613_61168.JPEG,n13133613
n13133613_15480.JPEG,n13133613
n15075141_29162.JPEG,n15075141
n15075141_1399.JPEG,n15075141
